No,Title,URL
1,Conor Ross - Thinkin' Bout You,https://fanlink.to/GNHX041
2,Tommy Jayden - Like This (RetroVision Edit),https://fanlink.to/TM003
3,Kingdom For The Club Vol. 1,https://fanlink.to/BTK006
4,Tom Budin & Kopa - Wandering Souls,https://fanlink.to/FUTURE003
5,Metrush - Somebody (Stadiumx Edit),https://fanlink.to/HEXAGON151
6,22Bullets - Nasty ft. Emy Perez,https://fanlink.to/GNHX040
7,MorganJ - We Can ft. Christopher Blake,https://fanlink.to/GNHX039
8,Somebody To Love ft. LEV,https://fanlink.to/GNHX033
9,Halcyon (Mo Falk Remix),https://fanlink.to/FUTURE001R
10,Rompasso - Take,https://fanlink.to/HEXAGON149
11,HIDDN - Underground,https://fanlink.to/GNHX038
12,Don Diablo - Inside My Head (Voices),https://fanlink.to/HEXAGON150
13,EC Twins - Disco's Not Dead EP,https://fanlink.to/HEXAGON147
14,Deekey - I'm A Human,https://fanlink.to/GNHX037
15,Clouds - Close Your Eyes,https://fanlink.to/HEXAGON145
16,Asketa & Natan Chaim - Connection,https://fanlink.to/GNHX036
17,Superstar (VIP Mix),https://fanlink.to/HEXAGON137DE
18,Castion & Krozz - Bright Lights,https://fanlink.to/GNHX035
19,Reverse - Afterlife,https://fanlink.to/SG002
20,King Arthur - Never Let You Down ft. Dani Miché,https://fanlink.to/BTK005
21,Dropgun - Chicken Run,https://fanlink.to/PROPHECY003
22,Out Of Town (My Own Road),https://fanlink.to/HEXAGON148
23,Kastelo & NEV - Coconut,https://fanlink.to/HEXAGON144
24,Siks - Miracle,https://fanlink.to/GNHX034
25,Hide and Seek ft. JT Roach (Don Diablo Edit),https://fanlink.to/FUTURE004
26,MADDOW - Potion ft. Manela,https://fanlink.to/BTK004
27,Danny Avila - Remedy,https://fanlink.to/HEXAGON143
28,Tom & Jame - Alright Don't Stop,https://fanlink.to/GNHX032
29,Slow Motion ft. Youkii,https://fanlink.to/GNHX031
30,More Than We Compare,https://fanlink.to/HEXAGON146
31,Lady Bee - Dinner Time,https://fanlink.to/GNHX030
32,KPLR - Tear It Up ft. Kriss Kiss,https://fanlink.to/TM02
33,Mo Falk - Everybody,https://fanlink.to/GNHX029
34,Savage Kids & Lørean - Dark Side,https://fanlink.to/PROPHECY002
35,Stadiumx & LUX - Sweet Harmony,https://fanlink.to/HEXAGON142
36,JLV - As I Am,https://fanlink.to/SG001
37,G-POL - MAKE That,https://fanlink.to/GNHX028
38,One Of A Kind ft. Lukay,https://fanlink.to/GNHX027
39,We Don't Know ft. Jack Hawitt,https://fanlink.to/HEXAGON141
40,Noorlind - Landslide,https://fanlink.to/FUTURE002
41,Going Deeper & RITN - Don't Stop,https://fanlink.to/HEXAGON140
42,PBH & Jack - Believe,https://fanlink.to/GNHX026
43,Don Diablo - Bad ft. Zak Abel,https://fanlink.to/DonDiabloBad
44,King Arthur & Lökii - Down With Me,https://fanlink.to/BTK003
45,Landis - Back 2 Me,https://fanlink.to/GNHX025
46,No Crime ft. Jess Ball,https://fanlink.to/HEXAGON139
47,Sofus Wiene - Wanna Know Your Name,https://fanlink.to/GNHX024
48,Dropgun - Annihilation,https://fanlink.to/PROPHECY001
49,Brothers Evolution - Child,https://fanlink.to/GNHX023
50,Good Time,https://fanlink.to/HEXAGON138
51,Cyrus Khan - Bouncin',https://fanlink.to/GNHX022
52,RetroVision - Feel Your Touch,https://fanlink.to/TM001
53,Metrush & Jordan Grace - Dreams,https://fanlink.to/GNHX021
54,David Puentez & Albert Neve - Superstar,https://fanlink.to/HEXAGON137
55,Lost Capital - Game Time,https://fanlink.to/GNHX020
56,G-Pol - What You Want,https://fanlink.to/GNHX019
57,Ralov - La Dee Da,https://fanlink.to/BTK002
58,Keanu Silva - Have You Never Been Mellow,https://fanlink.to/HEXAGON135
59,Siks - Take Me Away,https://fanlink.to/GNHX018
60,Tobtok x JLV - In The Zone,https://fanlink.to/HEXAGON134
61,Dropgun - Confession,https://fanlink.to/GNHX017
62,Botnek - Take Me Higher,https://fanlink.to/HEXAGON133
63,Let Me Go ft. Joshua Luke Smith,https://fanlink.to/BTK001
64,Asketa & Natan Chaim x Mo Falk - Anybody,https://fanlink.to/GNHX016
65,Matt Nash - Hold On,https://fanlink.to/HEXAGON132
66,Don Diablo - We Are Love,https://fanlink.to/HEXAGON136
67,DJ Licious - Atmosphere,https://fanlink.to/HEXAGON131
68,Conor Ross - Next Level,https://fanlink.to/GNHX015
69,TripL - Never Gonna Give You Up,https://fanlink.to/HEXAGON130
70,Do It Big - Murcielago,https://fanlink.to/GNHX014
71,Congratulations ft. Brando (Don Diablo VIP Mix),https://fanlink.to/HEXAGON123R
72,Domastic - Conclude,https://fanlink.to/GNHX013
73,JLV - Breath By Breath ft. Clara Sofie,https://fanlink.to/HEXAGON129
74,Danny Olson x Henry Hartley - Halcyon,https://fanlink.to/FUTURE001
75,G-POL - No Limits,https://fanlink.to/GNHX012
76,MORGANJ - Last Night ft. FWN,https://fanlink.to/HEXAGON128
77,Gellero - Diwan,https://fanlink.to/GNHX011
78,Jordan Jay x Mo Falk - Back In Time,https://fanlink.to/HEXAGON127
79,Find Me ft. Harry Cracknell,https://fanlink.to/HEXAGON126
80,Razko - Up & Down,https://fanlink.to/GNHX010
81,RetroVision - Stop,https://fanlink.to/HEXAGON125
82,Raven & Kreyn - You Don't Know,https://fanlink.to/GNHX009
83,JLV - Never Coming Down,https://fanlink.to/HEXAGON124
84,To The End,https://fanlink.to/GNHX008
85,Don Diablo - Congratulations ft. Brando,https://fanlink.to/HEXAGON123
86,Sagan - Take Me There,https://fanlink.to/GNHX007
87,Library Thugs ft. RebMoe,https://fanlink.to/HEXAGON122
88,Jordan Jay x JLV - Movement,https://fanlink.to/GNHX006
89,Mo Falk x Zoopreme - Tastes Gud,https://fanlink.to/HEXAGON121
90,Sebastian Park - Like This,https://fanlink.to/GNHX005
91,Tom & Jame - Get Get Down,https://fanlink.to/HEXAGON108R
92,Let It Go,https://fanlink.to/GNHX004
93,Let It Go,https://fanlink.to/GNHX004
94,Dastic x Robert Falcon - Body,https://fanlink.to/GNHX003
95,Tom & Jame - New World Sound,https://fanlink.to/NewWorldSound
96,Bali Bandits - Roll 'n Rock,https://fanlink.to/GNHX002
97,Melsen - Right Here,https://fanlink.to/HEXAGON118
98,JLV - Feel Again,https://fanlink.to/FeelAgain
99,Stadiumx - Getting Late ft. BISHØP,https://fanlink.to/GNHX001
100,Landis - Hit The Flow,https://fanlink.to/HitTheFlow
101,Dlugosh & SIIK x Exodus - Incognito,https://fanlink.to/HEXAGON115
102,Dropgun x Asketa & Natan Chaim - Falling,https://tinyurl.com/HEXAGON114
103,Nobody Like You (RetroVision Flip),https://tinyurl.com/RetroVisionFlip
104,Mo Falk - You're Wild,https://tinyurl.com/HEXAGON113
105,Don Diablo - Never Change,https://fanlink.to/NeverChange
106,GENERATION HEX 011 EP,https://tinyurl.com/GENHEX011EP
107,Club Bizarre (Don Diablo Edit),https://tinyurl.com/HEXAGON111
108,Matt Nash - I Won't Let You Down,https://tinyurl.com/HEXAGON110
109,Club Bizarre ft. Juliette Claire,https://tinyurl.com/HEXAGON109
110,Tom & Jame - Get Get Down,https://tinyurl.com/HEXAGON108
111,Don Diablo - The Same Way ft. KiFi,https://tinyurl.com/HEXAGON107
112,Stadiumx & Metrush - Know You Better,https://tinyurl.com/HEXAGON106
113,RetroVision - One More Chance,https://tinyurl.com/HEXAGON105
114,Zonderling - Spotlight,https://fanlink.to/HEXAGON104
115,Don Diablo - The Rhythm,https://fanlink.to/HEXAGON100
116,Keanu Silva & Richard Judge - We Are The Greatest,https://fanlink.to/WeAreTheGreatest
117,Asketa & Natan Chaim x AlIII - Never,https://fanlink.to/AsketaNatanChaimNever
118,JLV - Stupid ft. Clara Sofie,https://fanlink.to/JLVstupid
119,Don Diablo with Jessie J - Brave (Don Diablo VIP Mix),https://fanlink.to/BraveVIP
120,Sumera - Skin,https://tinyurl.com/HEXAGON098
121,LOOPERS - Deep Inside,https://fanlink.to/DeepInside
122,Landis - Nobody Like You,https://tinyurl.com/HEXAGON097
123,La Fuente - So Fat,https://tinyurl.com/Hexagon096
124,Don Diablo with Jessie J - Brave,https://tinyurl.com/DonDiabloJessieJ
125,GENERATION HEX 010 EP,https://fanlink.to/GENHEX010
126,Asketa & Natan Chaim - Real Love EP,https://fanlink.to/RealLoveEP
127,Zen/it - Wave,https://fanlink.to/Hexagon094
128,Don Diablo & CID - Fever,https://fanlink.to/Hexagon092
129,King Arthur x Big Pineapple - Friends,https://fanlink.to/KingArthurBigPineapple
130,Lady Bee - Prove You Wrong ft. Miles Hi,http://tinyurl.com/Hexagon091
131,RetroVision - House Beat,https://tinyurl.com/Hexagon089
132,Don Diablo - You're Not Alone feat. Kiiara,https://fanlink.to/bvwi
133,Matt Nash - Belong,http://tinyurl.com/Hexagon088
134,Dropgun & Sebastian Wibe - I'm On My Way,https://fanlink.to/HEXAGON087
135,JLV - Want Love,https://fanlink.to/WantLove
136,Jaded x Black Caviar x Antony & Cleopatra - Slippin',https://tinyurl.com/Hexagon084
137,Raven & Kreyn - Bad Boy,https://fanlink.to/RavenKreynBadBoy
138,Sagan - Robo,https://fanlink.to/Robo
139,PBH & Jack Shizzle - I Wanna Know You,https://fanlink.to/IWannaKnowYou
140,Don Diablo - You're Not Alone ft. Kiiara,http://tinyurl.com/DDKiiaraAlone
141,GENERATION HEX 009 EP,https://fanlink.to/GENHEX009EP
142,Keanu Silva - King Of My Castle (Don Diablo Edit),https://fanlink.to/KingOfMyCastle
143,Promise Land - I N33D,https://fanlink.to/IN33D
144,Keanu Silva - Fine Day (BLR Remix),https://fanlink.to/FineDayRemix
145,La Fuente - Shimmy Shaker,https://fanlink.to/ShimmyShaker
146,Zen/it - Hypnosive,https://fanlink.to/Hypnosive
147,Dropgun - Drought ft. Nevve,https://fanlink.to/drought
148,Steff da Campo x Dave Crusher - September,https://fanlink.to/September
149,Don Diablo - I Got Love ft. Nate Dogg,https://fanlink.to/IGotLove
150,RetroVision - Get Up EP,https://tinyurl.com/GetUpEP
151,Jordan Jay - Never Know,https://fanlink.to/JordayJayNeverKnow
152,RetroVision - Get Up,https://fanlink.to/RetroVisionGetUp
153,JLV - Something Good,https://fanlink.to/SomethingGood
154,Jonas Aden - I Dip You Dip,https://fanlink.to/IDipYouDip
155,Don Diablo - Survive (feat. Emeli Sandé & Gucci Mane) [Youngr Bootleg] - Single,https://dondiablo.lnk.to/survive_youngrbootleg
156,Zen/it - Rêve,http://tinyurl.com/ZenItReve
157,DJ Licious - I'll Be Alright,https://fanlink.to/IllBeAllright
158,Don Diablo - Survive [feat. Emeli Sandé & Gucci Mane] (VIP Mix) - Single,https://dondiablo.lnk.to/survive_vip_remix
159,Big Pineapple - Another Chance (Remixes),https://tinyurl.com/AnotherChanceRemixes
160,Steff da Campo - Deeper Love,https://fanlink.to/DeeperLove
161,Swanky Tunes - In The Club,https://fanlink.to/InTheClub
162,Matt Nash & Venomenal - Feel It,https://fanlink.to/HexFeelIt
163,Survive by Don Diablo f/ Emeli Sandé & Gucci Mane,https://islandrecs.lnk.to/Survive
164,Going Deeper & Cybermode - Trump It,https://fanlink.to/TrumpIt
165,Holl & Rush X Raven & Kreyn - Faith ft. Ryan Konline,https://tinyurl.com/HexFaith
166,HEXAGON Festival Weapons EP,https://tinyurl.com/FestivalWeaponsEP
167,G-POL - No Fear,https://tinyurl.com/HexNoFear
168,Bali Bandits - All On You (If I Can See),https://tinyurl.com/HEXAGON059
169,Don Diablo - Heaven To Me ft. Alex Clare,https://tinyurl.com/HeavenToMe
170,Keanu Silva - Fine Day,https://tinyurl.com/HexFineDay
171,Big Pineapple - Another Chance (Don Diablo Edit),https://tinyurl.com/BigPineapple
172,Zonderling x Don Diablo - No Good,https://fanlink.to/NoGood
173,Stadiumx & Metrush - Do It Again ft. BISHØP,https://tinyurl.com/HexDoItAgain
174,Don Diablo - Anthem (We Love House Music),https://tinyurl.com/DonDiabloAnthem
175,Hilda x Don Diablo - Wake Me When It's Quiet,https://tinyurl.com/HildaDonDiablo
176,Don Diablo - Believe ft. Ansel Elgort,https://tinyurl.com/DiabloAnsel
177,CID - Bad For Me EP,https://tinyurl.com/BadForMeEP
178,Generation HEX 007 EP,https://tinyurl.com/GenHEX007
179,Don Diablo - FUTURE,http://tinyurl.com/DonDiabloFuture
180,Don Diablo ft. Paije - People Say,https://tinyurl.com/DDPeopleSay
181,CID - I Miss You,https://hexagon.lnk.to/IMissYou
182,Steff Da Campo x Siks - Make Me Feel,https://fanlink.to/MakeMeFeel
183,exit.sc,https://exit.sc/?url=https%3A%2F%2Ffanlink.to%2FHexTime
184,Don Diablo - You Can't Change Me,https://fanlink.to/YCCM
185,Stadiumx - It's Not Right But It's Okay,https://hexagon.lnk.to/ItsNotRightButItsOkay
186,Don Diablo ft. A R I Z O N A - Take Her Place (Don Diablo's VIP Mix),https://dondiablo.fanlink.to/THPVIP
187,exit.sc,https://exit.sc/?url=https%3A%2F%2Ftinyurl.com%2FHEXNothingNew
188,RetroVision x Raven & Kreyn - Nobody Else,https://hexagon.lnk.to/NobodyElse
189,Don Diablo x ARIZONA - Take Her Place,https://lnk.to/TakeHerPlaceDD
190,Generation HEX 006 EP,http://tinyurl.com/GenHex006EP
191,Sagan - Tempus,https://fanlink.to/tempus
192,FAITH,http://tinyurl.com/SumeraFaith
193,CID - Creepin',https://fanlink.to/cidcreepin
194,DJ Licious - I Can't Stop,https://fanlink.to/ICS
195,Don't Let Go (Ft. Holly Winter),http://tinyurl.com/DiabloDLG
196,Bring the House | OUT NOW,http://tinyurl.com/BringTheHouse
197,Retrovision - Waves,https://fanlink.to/retrovision
198,Don Diablo - Momentum,https://dondiablo.lnk.to/Momentum
199,Various Artists - Generation HEX 005 E.P.,https://hexagon.lnk.to/GenerationHEX005EP
200,LOUD ABOUT US! – Drums,http://tinyurl.com/HexDrums
201,Don Diablo - Save A Little Love,https://dondiablo.lnk.to/SaveALittleLove!RTST
202,YouTube,https://youtu.be/UOUUY6psSL4
203,Stadiumx Feat. BISHØP - The Fall,https://hexagon.lnk.to/TheFall
204,Don Diablo - Children Of A Miracle (Don Diablo VIP Remix),https://islandrecs.lnk.to/COAMVIPSo
205,La Fuente - Capitol,https://lafuente.lnk.to/Capitol!RTST
206,Children Of A Miracle,https://islandrecs.lnk.to/COAMWE
207,Various Artists - Generation HEX 004 E.P.,https://hexagon.lnk.to/GenerationHex004EP!RTST
208,Sumera – Animal,https://sumera.lnk.to/Animal!RTST
209,Don Diablo - Switch,https://dondiablo.lnk.to/Switch!TWSR
210,Zonderling - Cluster EP,https://zonderling.lnk.to/ClusterEP!RTST
211,Mike Mago & Dragonette - Secret Stash (The Him Remix),https://hexagon.lnk.to/SecretStashTheHimRemix!RTST
212,MOTi Feat. Katt Niall - Livin' 4 Ya,https://moti.lnk.to/Livin4Ya
213,Dropgun - Nobody,https://dropgun.lnk.to/Nobody!RTST
214,Bali Bandits - KABOOM,https://balibandits.lnk.to/KABOOM!RTST
215,Mike Mago & Dragonette - Secret Stash,https://hexagon.lnk.to/SecretStash!RTST
216,King Arthur - Believe In The Kingdom,https://lnk.to/BelieveInTheKingdom!RTST
217,Various Artists - Generation HEX ADE Sampler,https://generationhex.lnk.to/ADESampler!RTST
218,Paul Mayson - Run EP,https://paulmayson.lnk.to/RunEP!RTST
219,Don Diablo - Cutting Shapes,https://dondiablo.lnk.to/CuttingShapes!RTST
220,La Fuente - 4000,https://lafuente.lnk.to/4000!RTST
221,Bali Bandits â€“ SMACK,https://balibandits.lnk.to/SMACK
222,Madison Mars - Future Is Now,https://madisonmars.lnk.to/FutureIsNow
223,Ryan Blyth x Duane Harden - Back to you,https://hexagon.lnk.to/BackToYou
224,Don Diablo presents The Hex Files 002 by Don Diablo on Spotify,https://open.spotify.com/album/4wNf0isEL40qyADUMRFQkR
225,Zonderling - Be Free,https://zonderling.lnk.to/BeFree%20%20
226,Don Diablo & Steve Aoki x Lush & Simon - What We Started,https://hexagon.lnk.to/WhatWeStarted
227,Generation Hex 002,https://hexagon.lnk.to/GenerationHex002
228,King Arthur - Right Now - Sam Feldt Radio Edit,https://kingarthur.lnk.to/right-now-sam-feldt-edit
229,Bali Bandits - Toink,https://hexagon.lnk.to/bali-bandits-toink
230,Paul Mayson feat. John Quarles - Paralyzed,https://fanlink.to/paralyzed
231,Sagan - Happiness,https://sagan.lnk.to/Happiness
232,Don Diablo ft. Dyu - Drifter,https://dondiablo.lnk.to/Drifter
233,Madison Mars â€“ Ready Or Not,https://hexagon.lnk.to/ReadyOrNotEP
234,exit.sc,https://exit.sc/?url=https%3A%2F%2Ftobygreen.lnk.to%2FEverytime
